Customer ID,Subject,Salutation,Body,Closing,Product,Category
13,Exclusive Offer for Clothing Collection,"Dear Customer 13,","Dear Customer 13,

We hope this message finds you well!

We are excited to share a special offer exclusively for you.

Discover our latest Clothing collection for the Fall season and indulge in our exquisite Shirt!

Use code SPECIAL13 at checkout to enjoy a generous 15% discount on your purchase.

Seize this opportunity, as this offer is available for a limited time!

Best regards,
Your Marketing Team","Best regards,
Your Marketing Team",Shirt,Clothing
14,Exclusive Offer for Outerwear Collection,"Dear Customer 14,","Dear Customer 14,

We hope this message finds you well!

We are excited to share a special offer exclusively for you.

Discover our latest Outerwear collection for the Fall season and indulge in our exquisite Coat!

Use code SPECIAL14 at checkout to enjoy a generous 15% discount on your purchase.

Seize this opportunity, as this offer is available for a limited time!

Best regards,
Your Marketing Team","Best regards,
Your Marketing Team",Coat,Outerwear
23,Exclusive Offer for Clothing Collection,"Dear Customer 23,","Dear Customer 23,

We hope this message finds you well!

We are excited to share a special offer exclusively for you.

Discover our latest Clothing collection for the Fall season and indulge in our exquisite Sweater!

Use code SPECIAL23 at checkout to enjoy a generous 15% discount on your purchase.

Seize this opportunity, as this offer is available for a limited time!

Best regards,
Your Marketing Team","Best regards,
Your Marketing Team",Sweater,Clothing
44,Exclusive Offer for Accessories Collection,"Dear Customer 44,","Dear Customer 44,

We hope this message finds you well!

We are excited to share a special offer exclusively for you.

Discover our latest Accessories collection for the Fall season and indulge in our exquisite Jewelry!

Use code SPECIAL44 at checkout to enjoy a generous 15% discount on your purchase.

Seize this opportunity, as this offer is available for a limited time!

Best regards,
Your Marketing Team","Best regards,
Your Marketing Team",Jewelry,Accessories
47,Exclusive Offer for Accessories Collection,"Dear Customer 47,","Dear Customer 47,

We hope this message finds you well!

We are excited to share a special offer exclusively for you.

Discover our latest Accessories collection for the Fall season and indulge in our exquisite Handbag!

Use code SPECIAL47 at checkout to enjoy a generous 15% discount on your purchase.

Seize this opportunity, as this offer is available for a limited time!

Best regards,
Your Marketing Team","Best regards,
Your Marketing Team",Handbag,Accessories
54,Exclusive Offer for Outerwear Collection,"Dear Customer 54,","Dear Customer 54,

We hope this message finds you well!

We are excited to share a special offer exclusively for you.

Discover our latest Outerwear collection for the Fall season and indulge in our exquisite Jacket!

Use code SPECIAL54 at checkout to enjoy a generous 15% discount on your purchase.

Seize this opportunity, as this offer is available for a limited time!

Best regards,
Your Marketing Team","Best regards,
Your Marketing Team",Jacket,Outerwear
56,Exclusive Offer for Accessories Collection,"Dear Customer 56,","Dear Customer 56,

We hope this message finds you well!

We are excited to share a special offer exclusively for you.

Discover our latest Accessories collection for the Fall season and indulge in our exquisite Scarf!

Use code SPECIAL56 at checkout to enjoy a generous 15% discount on your purchase.

Seize this opportunity, as this offer is available for a limited time!

Best regards,
Your Marketing Team","Best regards,
Your Marketing Team",Scarf,Accessories
59,Exclusive Offer for Accessories Collection,"Dear Customer 59,","Dear Customer 59,

We hope this message finds you well!

We are excited to share a special offer exclusively for you.

Discover our latest Accessories collection for the Fall season and indulge in our exquisite Scarf!

Use code SPECIAL59 at checkout to enjoy a generous 15% discount on your purchase.

Seize this opportunity, as this offer is available for a limited time!

Best regards,
Your Marketing Team","Best regards,
Your Marketing Team",Scarf,Accessories
69,Exclusive Offer for Accessories Collection,"Dear Customer 69,","Dear Customer 69,

We hope this message finds you well!

We are excited to share a special offer exclusively for you.

Discover our latest Accessories collection for the Fall season and indulge in our exquisite Backpack!

Use code SPECIAL69 at checkout to enjoy a generous 15% discount on your purchase.

Seize this opportunity, as this offer is available for a limited time!

Best regards,
Your Marketing Team","Best regards,
Your Marketing Team",Backpack,Accessories
85,Exclusive Offer for Accessories Collection,"Dear Customer 85,","Dear Customer 85,

We hope this message finds you well!

We are excited to share a special offer exclusively for you.

Discover our latest Accessories collection for the Fall season and indulge in our exquisite Jewelry!

Use code SPECIAL85 at checkout to enjoy a generous 15% discount on your purchase.

Seize this opportunity, as this offer is available for a limited time!

Best regards,
Your Marketing Team","Best regards,
Your Marketing Team",Jewelry,Accessories
93,Exclusive Offer for Clothing Collection,"Dear Customer 93,","Dear Customer 93,

We hope this message finds you well!

We are excited to share a special offer exclusively for you.

Discover our latest Clothing collection for the Fall season and indulge in our exquisite Skirt!

Use code SPECIAL93 at checkout to enjoy a generous 15% discount on your purchase.

Seize this opportunity, as this offer is available for a limited time!

Best regards,
Your Marketing Team","Best regards,
Your Marketing Team",Skirt,Clothing
94,Exclusive Offer for Clothing Collection,"Dear Customer 94,","Dear Customer 94,

We hope this message finds you well!

We are excited to share a special offer exclusively for you.

Discover our latest Clothing collection for the Fall season and indulge in our exquisite Shirt!

Use code SPECIAL94 at checkout to enjoy a generous 15% discount on your purchase.

Seize this opportunity, as this offer is available for a limited time!

Best regards,
Your Marketing Team","Best regards,
Your Marketing Team",Shirt,Clothing
101,Exclusive Offer for Outerwear Collection,"Dear Customer 101,","Dear Customer 101,

We hope this message finds you well!

We are excited to share a special offer exclusively for you.

Discover our latest Outerwear collection for the Fall season and indulge in our exquisite Jacket!

Use code SPECIAL101 at checkout to enjoy a generous 15% discount on your purchase.

Seize this opportunity, as this offer is available for a limited time!

Best regards,
Your Marketing Team","Best regards,
Your Marketing Team",Jacket,Outerwear
103,Exclusive Offer for Footwear Collection,"Dear Customer 103,","Dear Customer 103,

We hope this message finds you well!

We are excited to share a special offer exclusively for you.

Discover our latest Footwear collection for the Fall season and indulge in our exquisite Sneakers!

Use code SPECIAL103 at checkout to enjoy a generous 15% discount on your purchase.

Seize this opportunity, as this offer is available for a limited time!

Best regards,
Your Marketing Team","Best regards,
Your Marketing Team",Sneakers,Footwear
112,Exclusive Offer for Accessories Collection,"Dear Customer 112,","Dear Customer 112,

We hope this message finds you well!

We are excited to share a special offer exclusively for you.

Discover our latest Accessories collection for the Fall season and indulge in our exquisite Handbag!

Use code SPECIAL112 at checkout to enjoy a generous 15% discount on your purchase.

Seize this opportunity, as this offer is available for a limited time!

Best regards,
Your Marketing Team","Best regards,
Your Marketing Team",Handbag,Accessories
114,Exclusive Offer for Outerwear Collection,"Dear Customer 114,","Dear Customer 114,

We hope this message finds you well!

We are excited to share a special offer exclusively for you.

Discover our latest Outerwear collection for the Fall season and indulge in our exquisite Jacket!

Use code SPECIAL114 at checkout to enjoy a generous 15% discount on your purchase.

Seize this opportunity, as this offer is available for a limited time!

Best regards,
Your Marketing Team","Best regards,
Your Marketing Team",Jacket,Outerwear
127,Exclusive Offer for Clothing Collection,"Dear Customer 127,","Dear Customer 127,

We hope this message finds you well!

We are excited to share a special offer exclusively for you.

Discover our latest Clothing collection for the Fall season and indulge in our exquisite Jeans!

Use code SPECIAL127 at checkout to enjoy a generous 15% discount on your purchase.

Seize this opportunity, as this offer is available for a limited time!

Best regards,
Your Marketing Team","Best regards,
Your Marketing Team",Jeans,Clothing
129,Exclusive Offer for Clothing Collection,"Dear Customer 129,","Dear Customer 129,

We hope this message finds you well!

We are excited to share a special offer exclusively for you.

Discover our latest Clothing collection for the Fall season and indulge in our exquisite Jeans!

Use code SPECIAL129 at checkout to enjoy a generous 15% discount on your purchase.

Seize this opportunity, as this offer is available for a limited time!

Best regards,
Your Marketing Team","Best regards,
Your Marketing Team",Jeans,Clothing
132,Exclusive Offer for Accessories Collection,"Dear Customer 132,","Dear Customer 132,

We hope this message finds you well!

We are excited to share a special offer exclusively for you.

Discover our latest Accessories collection for the Fall season and indulge in our exquisite Hat!

Use code SPECIAL132 at checkout to enjoy a generous 15% discount on your purchase.

Seize this opportunity, as this offer is available for a limited time!

Best regards,
Your Marketing Team","Best regards,
Your Marketing Team",Hat,Accessories
172,Exclusive Offer for Accessories Collection,"Dear Customer 172,","Dear Customer 172,

We hope this message finds you well!

We are excited to share a special offer exclusively for you.

Discover our latest Accessories collection for the Fall season and indulge in our exquisite Handbag!

Use code SPECIAL172 at checkout to enjoy a generous 15% discount on your purchase.

Seize this opportunity, as this offer is available for a limited time!

Best regards,
Your Marketing Team","Best regards,
Your Marketing Team",Handbag,Accessories
181,Exclusive Offer for Clothing Collection,"Dear Customer 181,","Dear Customer 181,

We hope this message finds you well!

We are excited to share a special offer exclusively for you.

Discover our latest Clothing collection for the Fall season and indulge in our exquisite Shirt!

Use code SPECIAL181 at checkout to enjoy a generous 15% discount on your purchase.

Seize this opportunity, as this offer is available for a limited time!

Best regards,
Your Marketing Team","Best regards,
Your Marketing Team",Shirt,Clothing
189,Exclusive Offer for Clothing Collection,"Dear Customer 189,","Dear Customer 189,

We hope this message finds you well!

We are excited to share a special offer exclusively for you.

Discover our latest Clothing collection for the Fall season and indulge in our exquisite Skirt!

Use code SPECIAL189 at checkout to enjoy a generous 15% discount on your purchase.

Seize this opportunity, as this offer is available for a limited time!

Best regards,
Your Marketing Team","Best regards,
Your Marketing Team",Skirt,Clothing
199,Exclusive Offer for Accessories Collection,"Dear Customer 199,","Dear Customer 199,

We hope this message finds you well!

We are excited to share a special offer exclusively for you.

Discover our latest Accessories collection for the Fall season and indulge in our exquisite Handbag!

Use code SPECIAL199 at checkout to enjoy a generous 15% discount on your purchase.

Seize this opportunity, as this offer is available for a limited time!

Best regards,
Your Marketing Team","Best regards,
Your Marketing Team",Handbag,Accessories
204,Exclusive Offer for Footwear Collection,"Dear Customer 204,","Dear Customer 204,

We hope this message finds you well!

We are excited to share a special offer exclusively for you.

Discover our latest Footwear collection for the Fall season and indulge in our exquisite Boots!

Use code SPECIAL204 at checkout to enjoy a generous 15% discount on your purchase.

Seize this opportunity, as this offer is available for a limited time!

Best regards,
Your Marketing Team","Best regards,
Your Marketing Team",Boots,Footwear
216,Exclusive Offer for Clothing Collection,"Dear Customer 216,","Dear Customer 216,

We hope this message finds you well!

We are excited to share a special offer exclusively for you.

Discover our latest Clothing collection for the Fall season and indulge in our exquisite Jeans!

Use code SPECIAL216 at checkout to enjoy a generous 15% discount on your purchase.

Seize this opportunity, as this offer is available for a limited time!

Best regards,
Your Marketing Team","Best regards,
Your Marketing Team",Jeans,Clothing
241,Exclusive Offer for Clothing Collection,"Dear Customer 241,","Dear Customer 241,

We hope this message finds you well!

We are excited to share a special offer exclusively for you.

Discover our latest Clothing collection for the Fall season and indulge in our exquisite Sweater!

Use code SPECIAL241 at checkout to enjoy a generous 15% discount on your purchase.

Seize this opportunity, as this offer is available for a limited time!

Best regards,
Your Marketing Team","Best regards,
Your Marketing Team",Sweater,Clothing
247,Exclusive Offer for Clothing Collection,"Dear Customer 247,","Dear Customer 247,

We hope this message finds you well!

We are excited to share a special offer exclusively for you.

Discover our latest Clothing collection for the Fall season and indulge in our exquisite Socks!

Use code SPECIAL247 at checkout to enjoy a generous 15% discount on your purchase.

Seize this opportunity, as this offer is available for a limited time!

Best regards,
Your Marketing Team","Best regards,
Your Marketing Team",Socks,Clothing
248,Exclusive Offer for Accessories Collection,"Dear Customer 248,","Dear Customer 248,

We hope this message finds you well!

We are excited to share a special offer exclusively for you.

Discover our latest Accessories collection for the Fall season and indulge in our exquisite Sunglasses!

Use code SPECIAL248 at checkout to enjoy a generous 15% discount on your purchase.

Seize this opportunity, as this offer is available for a limited time!

Best regards,
Your Marketing Team","Best regards,
Your Marketing Team",Sunglasses,Accessories
253,Exclusive Offer for Footwear Collection,"Dear Customer 253,","Dear Customer 253,

We hope this message finds you well!

We are excited to share a special offer exclusively for you.

Discover our latest Footwear collection for the Fall season and indulge in our exquisite Shoes!

Use code SPECIAL253 at checkout to enjoy a generous 15% discount on your purchase.

Seize this opportunity, as this offer is available for a limited time!

Best regards,
Your Marketing Team","Best regards,
Your Marketing Team",Shoes,Footwear
275,Exclusive Offer for Accessories Collection,"Dear Customer 275,","Dear Customer 275,

We hope this message finds you well!

We are excited to share a special offer exclusively for you.

Discover our latest Accessories collection for the Fall season and indulge in our exquisite Handbag!

Use code SPECIAL275 at checkout to enjoy a generous 15% discount on your purchase.

Seize this opportunity, as this offer is available for a limited time!

Best regards,
Your Marketing Team","Best regards,
Your Marketing Team",Handbag,Accessories
280,Exclusive Offer for Footwear Collection,"Dear Customer 280,","Dear Customer 280,

We hope this message finds you well!

We are excited to share a special offer exclusively for you.

Discover our latest Footwear collection for the Fall season and indulge in our exquisite Boots!

Use code SPECIAL280 at checkout to enjoy a generous 15% discount on your purchase.

Seize this opportunity, as this offer is available for a limited time!

Best regards,
Your Marketing Team","Best regards,
Your Marketing Team",Boots,Footwear
288,Exclusive Offer for Clothing Collection,"Dear Customer 288,","Dear Customer 288,

We hope this message finds you well!

We are excited to share a special offer exclusively for you.

Discover our latest Clothing collection for the Fall season and indulge in our exquisite Socks!

Use code SPECIAL288 at checkout to enjoy a generous 15% discount on your purchase.

Seize this opportunity, as this offer is available for a limited time!

Best regards,
Your Marketing Team","Best regards,
Your Marketing Team",Socks,Clothing
296,Exclusive Offer for Footwear Collection,"Dear Customer 296,","Dear Customer 296,

We hope this message finds you well!

We are excited to share a special offer exclusively for you.

Discover our latest Footwear collection for the Fall season and indulge in our exquisite Boots!

Use code SPECIAL296 at checkout to enjoy a generous 15% discount on your purchase.

Seize this opportunity, as this offer is available for a limited time!

Best regards,
Your Marketing Team","Best regards,
Your Marketing Team",Boots,Footwear
300,Exclusive Offer for Accessories Collection,"Dear Customer 300,","Dear Customer 300,

We hope this message finds you well!

We are excited to share a special offer exclusively for you.

Discover our latest Accessories collection for the Fall season and indulge in our exquisite Jewelry!

Use code SPECIAL300 at checkout to enjoy a generous 15% discount on your purchase.

Seize this opportunity, as this offer is available for a limited time!

Best regards,
Your Marketing Team","Best regards,
Your Marketing Team",Jewelry,Accessories
330,Exclusive Offer for Clothing Collection,"Dear Customer 330,","Dear Customer 330,

We hope this message finds you well!

We are excited to share a special offer exclusively for you.

Discover our latest Clothing collection for the Fall season and indulge in our exquisite T-shirt!

Use code SPECIAL330 at checkout to enjoy a generous 15% discount on your purchase.

Seize this opportunity, as this offer is available for a limited time!

Best regards,
Your Marketing Team","Best regards,
Your Marketing Team",T-shirt,Clothing
333,Exclusive Offer for Clothing Collection,"Dear Customer 333,","Dear Customer 333,

We hope this message finds you well!

We are excited to share a special offer exclusively for you.

Discover our latest Clothing collection for the Fall season and indulge in our exquisite T-shirt!

Use code SPECIAL333 at checkout to enjoy a generous 15% discount on your purchase.

Seize this opportunity, as this offer is available for a limited time!

Best regards,
Your Marketing Team","Best regards,
Your Marketing Team",T-shirt,Clothing
349,Exclusive Offer for Accessories Collection,"Dear Customer 349,","Dear Customer 349,

We hope this message finds you well!

We are excited to share a special offer exclusively for you.

Discover our latest Accessories collection for the Fall season and indulge in our exquisite Hat!

Use code SPECIAL349 at checkout to enjoy a generous 15% discount on your purchase.

Seize this opportunity, as this offer is available for a limited time!

Best regards,
Your Marketing Team","Best regards,
Your Marketing Team",Hat,Accessories
351,Exclusive Offer for Clothing Collection,"Dear Customer 351,","Dear Customer 351,

We hope this message finds you well!

We are excited to share a special offer exclusively for you.

Discover our latest Clothing collection for the Fall season and indulge in our exquisite Jeans!

Use code SPECIAL351 at checkout to enjoy a generous 15% discount on your purchase.

Seize this opportunity, as this offer is available for a limited time!

Best regards,
Your Marketing Team","Best regards,
Your Marketing Team",Jeans,Clothing
356,Exclusive Offer for Clothing Collection,"Dear Customer 356,","Dear Customer 356,

We hope this message finds you well!

We are excited to share a special offer exclusively for you.

Discover our latest Clothing collection for the Fall season and indulge in our exquisite Hoodie!

Use code SPECIAL356 at checkout to enjoy a generous 15% discount on your purchase.

Seize this opportunity, as this offer is available for a limited time!

Best regards,
Your Marketing Team","Best regards,
Your Marketing Team",Hoodie,Clothing
357,Exclusive Offer for Accessories Collection,"Dear Customer 357,","Dear Customer 357,

We hope this message finds you well!

We are excited to share a special offer exclusively for you.

Discover our latest Accessories collection for the Fall season and indulge in our exquisite Gloves!

Use code SPECIAL357 at checkout to enjoy a generous 15% discount on your purchase.

Seize this opportunity, as this offer is available for a limited time!

Best regards,
Your Marketing Team","Best regards,
Your Marketing Team",Gloves,Accessories
372,Exclusive Offer for Clothing Collection,"Dear Customer 372,","Dear Customer 372,

We hope this message finds you well!

We are excited to share a special offer exclusively for you.

Discover our latest Clothing collection for the Fall season and indulge in our exquisite Jeans!

Use code SPECIAL372 at checkout to enjoy a generous 15% discount on your purchase.

Seize this opportunity, as this offer is available for a limited time!

Best regards,
Your Marketing Team","Best regards,
Your Marketing Team",Jeans,Clothing
376,Exclusive Offer for Footwear Collection,"Dear Customer 376,","Dear Customer 376,

We hope this message finds you well!

We are excited to share a special offer exclusively for you.

Discover our latest Footwear collection for the Fall season and indulge in our exquisite Sneakers!

Use code SPECIAL376 at checkout to enjoy a generous 15% discount on your purchase.

Seize this opportunity, as this offer is available for a limited time!

Best regards,
Your Marketing Team","Best regards,
Your Marketing Team",Sneakers,Footwear
420,Exclusive Offer for Clothing Collection,"Dear Customer 420,","Dear Customer 420,

We hope this message finds you well!

We are excited to share a special offer exclusively for you.

Discover our latest Clothing collection for the Fall season and indulge in our exquisite T-shirt!

Use code SPECIAL420 at checkout to enjoy a generous 15% discount on your purchase.

Seize this opportunity, as this offer is available for a limited time!

Best regards,
Your Marketing Team","Best regards,
Your Marketing Team",T-shirt,Clothing
460,Exclusive Offer for Footwear Collection,"Dear Customer 460,","Dear Customer 460,

We hope this message finds you well!

We are excited to share a special offer exclusively for you.

Discover our latest Footwear collection for the Fall season and indulge in our exquisite Sandals!

Use code SPECIAL460 at checkout to enjoy a generous 15% discount on your purchase.

Seize this opportunity, as this offer is available for a limited time!

Best regards,
Your Marketing Team","Best regards,
Your Marketing Team",Sandals,Footwear
461,Exclusive Offer for Footwear Collection,"Dear Customer 461,","Dear Customer 461,

We hope this message finds you well!

We are excited to share a special offer exclusively for you.

Discover our latest Footwear collection for the Fall season and indulge in our exquisite Sandals!

Use code SPECIAL461 at checkout to enjoy a generous 15% discount on your purchase.

Seize this opportunity, as this offer is available for a limited time!

Best regards,
Your Marketing Team","Best regards,
Your Marketing Team",Sandals,Footwear
477,Exclusive Offer for Clothing Collection,"Dear Customer 477,","Dear Customer 477,

We hope this message finds you well!

We are excited to share a special offer exclusively for you.

Discover our latest Clothing collection for the Fall season and indulge in our exquisite Shirt!

Use code SPECIAL477 at checkout to enjoy a generous 15% discount on your purchase.

Seize this opportunity, as this offer is available for a limited time!

Best regards,
Your Marketing Team","Best regards,
Your Marketing Team",Shirt,Clothing
480,Exclusive Offer for Clothing Collection,"Dear Customer 480,","Dear Customer 480,

We hope this message finds you well!

We are excited to share a special offer exclusively for you.

Discover our latest Clothing collection for the Fall season and indulge in our exquisite T-shirt!

Use code SPECIAL480 at checkout to enjoy a generous 15% discount on your purchase.

Seize this opportunity, as this offer is available for a limited time!

Best regards,
Your Marketing Team","Best regards,
Your Marketing Team",T-shirt,Clothing
483,Exclusive Offer for Clothing Collection,"Dear Customer 483,","Dear Customer 483,

We hope this message finds you well!

We are excited to share a special offer exclusively for you.

Discover our latest Clothing collection for the Fall season and indulge in our exquisite Jeans!

Use code SPECIAL483 at checkout to enjoy a generous 15% discount on your purchase.

Seize this opportunity, as this offer is available for a limited time!

Best regards,
Your Marketing Team","Best regards,
Your Marketing Team",Jeans,Clothing
491,Exclusive Offer for Outerwear Collection,"Dear Customer 491,","Dear Customer 491,

We hope this message finds you well!

We are excited to share a special offer exclusively for you.

Discover our latest Outerwear collection for the Fall season and indulge in our exquisite Jacket!

Use code SPECIAL491 at checkout to enjoy a generous 15% discount on your purchase.

Seize this opportunity, as this offer is available for a limited time!

Best regards,
Your Marketing Team","Best regards,
Your Marketing Team",Jacket,Outerwear
492,Exclusive Offer for Clothing Collection,"Dear Customer 492,","Dear Customer 492,

We hope this message finds you well!

We are excited to share a special offer exclusively for you.

Discover our latest Clothing collection for the Fall season and indulge in our exquisite Pants!

Use code SPECIAL492 at checkout to enjoy a generous 15% discount on your purchase.

Seize this opportunity, as this offer is available for a limited time!

Best regards,
Your Marketing Team","Best regards,
Your Marketing Team",Pants,Clothing
494,Exclusive Offer for Footwear Collection,"Dear Customer 494,","Dear Customer 494,

We hope this message finds you well!

We are excited to share a special offer exclusively for you.

Discover our latest Footwear collection for the Fall season and indulge in our exquisite Boots!

Use code SPECIAL494 at checkout to enjoy a generous 15% discount on your purchase.

Seize this opportunity, as this offer is available for a limited time!

Best regards,
Your Marketing Team","Best regards,
Your Marketing Team",Boots,Footwear
505,Exclusive Offer for Clothing Collection,"Dear Customer 505,","Dear Customer 505,

We hope this message finds you well!

We are excited to share a special offer exclusively for you.

Discover our latest Clothing collection for the Fall season and indulge in our exquisite Socks!

Use code SPECIAL505 at checkout to enjoy a generous 15% discount on your purchase.

Seize this opportunity, as this offer is available for a limited time!

Best regards,
Your Marketing Team","Best regards,
Your Marketing Team",Socks,Clothing
509,Exclusive Offer for Clothing Collection,"Dear Customer 509,","Dear Customer 509,

We hope this message finds you well!

We are excited to share a special offer exclusively for you.

Discover our latest Clothing collection for the Fall season and indulge in our exquisite Shorts!

Use code SPECIAL509 at checkout to enjoy a generous 15% discount on your purchase.

Seize this opportunity, as this offer is available for a limited time!

Best regards,
Your Marketing Team","Best regards,
Your Marketing Team",Shorts,Clothing
533,Exclusive Offer for Footwear Collection,"Dear Customer 533,","Dear Customer 533,

We hope this message finds you well!

We are excited to share a special offer exclusively for you.

Discover our latest Footwear collection for the Fall season and indulge in our exquisite Boots!

Use code SPECIAL533 at checkout to enjoy a generous 15% discount on your purchase.

Seize this opportunity, as this offer is available for a limited time!

Best regards,
Your Marketing Team","Best regards,
Your Marketing Team",Boots,Footwear
542,Exclusive Offer for Footwear Collection,"Dear Customer 542,","Dear Customer 542,

We hope this message finds you well!

We are excited to share a special offer exclusively for you.

Discover our latest Footwear collection for the Fall season and indulge in our exquisite Sandals!

Use code SPECIAL542 at checkout to enjoy a generous 15% discount on your purchase.

Seize this opportunity, as this offer is available for a limited time!

Best regards,
Your Marketing Team","Best regards,
Your Marketing Team",Sandals,Footwear
571,Exclusive Offer for Outerwear Collection,"Dear Customer 571,","Dear Customer 571,

We hope this message finds you well!

We are excited to share a special offer exclusively for you.

Discover our latest Outerwear collection for the Fall season and indulge in our exquisite Jacket!

Use code SPECIAL571 at checkout to enjoy a generous 15% discount on your purchase.

Seize this opportunity, as this offer is available for a limited time!

Best regards,
Your Marketing Team","Best regards,
Your Marketing Team",Jacket,Outerwear
574,Exclusive Offer for Footwear Collection,"Dear Customer 574,","Dear Customer 574,

We hope this message finds you well!

We are excited to share a special offer exclusively for you.

Discover our latest Footwear collection for the Fall season and indulge in our exquisite Sneakers!

Use code SPECIAL574 at checkout to enjoy a generous 15% discount on your purchase.

Seize this opportunity, as this offer is available for a limited time!

Best regards,
Your Marketing Team","Best regards,
Your Marketing Team",Sneakers,Footwear
580,Exclusive Offer for Clothing Collection,"Dear Customer 580,","Dear Customer 580,

We hope this message finds you well!

We are excited to share a special offer exclusively for you.

Discover our latest Clothing collection for the Fall season and indulge in our exquisite Hoodie!

Use code SPECIAL580 at checkout to enjoy a generous 15% discount on your purchase.

Seize this opportunity, as this offer is available for a limited time!

Best regards,
Your Marketing Team","Best regards,
Your Marketing Team",Hoodie,Clothing
614,Exclusive Offer for Accessories Collection,"Dear Customer 614,","Dear Customer 614,

We hope this message finds you well!

We are excited to share a special offer exclusively for you.

Discover our latest Accessories collection for the Fall season and indulge in our exquisite Jewelry!

Use code SPECIAL614 at checkout to enjoy a generous 15% discount on your purchase.

Seize this opportunity, as this offer is available for a limited time!

Best regards,
Your Marketing Team","Best regards,
Your Marketing Team",Jewelry,Accessories
618,Exclusive Offer for Outerwear Collection,"Dear Customer 618,","Dear Customer 618,

We hope this message finds you well!

We are excited to share a special offer exclusively for you.

Discover our latest Outerwear collection for the Fall season and indulge in our exquisite Coat!

Use code SPECIAL618 at checkout to enjoy a generous 15% discount on your purchase.

Seize this opportunity, as this offer is available for a limited time!

Best regards,
Your Marketing Team","Best regards,
Your Marketing Team",Coat,Outerwear
623,Exclusive Offer for Footwear Collection,"Dear Customer 623,","Dear Customer 623,

We hope this message finds you well!

We are excited to share a special offer exclusively for you.

Discover our latest Footwear collection for the Fall season and indulge in our exquisite Shoes!

Use code SPECIAL623 at checkout to enjoy a generous 15% discount on your purchase.

Seize this opportunity, as this offer is available for a limited time!

Best regards,
Your Marketing Team","Best regards,
Your Marketing Team",Shoes,Footwear
625,Exclusive Offer for Accessories Collection,"Dear Customer 625,","Dear Customer 625,

We hope this message finds you well!

We are excited to share a special offer exclusively for you.

Discover our latest Accessories collection for the Fall season and indulge in our exquisite Jewelry!

Use code SPECIAL625 at checkout to enjoy a generous 15% discount on your purchase.

Seize this opportunity, as this offer is available for a limited time!

Best regards,
Your Marketing Team","Best regards,
Your Marketing Team",Jewelry,Accessories
634,Exclusive Offer for Footwear Collection,"Dear Customer 634,","Dear Customer 634,

We hope this message finds you well!

We are excited to share a special offer exclusively for you.

Discover our latest Footwear collection for the Fall season and indulge in our exquisite Boots!

Use code SPECIAL634 at checkout to enjoy a generous 15% discount on your purchase.

Seize this opportunity, as this offer is available for a limited time!

Best regards,
Your Marketing Team","Best regards,
Your Marketing Team",Boots,Footwear
644,Exclusive Offer for Accessories Collection,"Dear Customer 644,","Dear Customer 644,

We hope this message finds you well!

We are excited to share a special offer exclusively for you.

Discover our latest Accessories collection for the Fall season and indulge in our exquisite Backpack!

Use code SPECIAL644 at checkout to enjoy a generous 15% discount on your purchase.

Seize this opportunity, as this offer is available for a limited time!

Best regards,
Your Marketing Team","Best regards,
Your Marketing Team",Backpack,Accessories
646,Exclusive Offer for Footwear Collection,"Dear Customer 646,","Dear Customer 646,

We hope this message finds you well!

We are excited to share a special offer exclusively for you.

Discover our latest Footwear collection for the Fall season and indulge in our exquisite Shoes!

Use code SPECIAL646 at checkout to enjoy a generous 15% discount on your purchase.

Seize this opportunity, as this offer is available for a limited time!

Best regards,
Your Marketing Team","Best regards,
Your Marketing Team",Shoes,Footwear
659,Exclusive Offer for Clothing Collection,"Dear Customer 659,","Dear Customer 659,

We hope this message finds you well!

We are excited to share a special offer exclusively for you.

Discover our latest Clothing collection for the Fall season and indulge in our exquisite Blouse!

Use code SPECIAL659 at checkout to enjoy a generous 15% discount on your purchase.

Seize this opportunity, as this offer is available for a limited time!

Best regards,
Your Marketing Team","Best regards,
Your Marketing Team",Blouse,Clothing
664,Exclusive Offer for Clothing Collection,"Dear Customer 664,","Dear Customer 664,

We hope this message finds you well!

We are excited to share a special offer exclusively for you.

Discover our latest Clothing collection for the Fall season and indulge in our exquisite Shirt!

Use code SPECIAL664 at checkout to enjoy a generous 15% discount on your purchase.

Seize this opportunity, as this offer is available for a limited time!

Best regards,
Your Marketing Team","Best regards,
Your Marketing Team",Shirt,Clothing
673,Exclusive Offer for Clothing Collection,"Dear Customer 673,","Dear Customer 673,

We hope this message finds you well!

We are excited to share a special offer exclusively for you.

Discover our latest Clothing collection for the Fall season and indulge in our exquisite Skirt!

Use code SPECIAL673 at checkout to enjoy a generous 15% discount on your purchase.

Seize this opportunity, as this offer is available for a limited time!

Best regards,
Your Marketing Team","Best regards,
Your Marketing Team",Skirt,Clothing
690,Exclusive Offer for Clothing Collection,"Dear Customer 690,","Dear Customer 690,

We hope this message finds you well!

We are excited to share a special offer exclusively for you.

Discover our latest Clothing collection for the Fall season and indulge in our exquisite Dress!

Use code SPECIAL690 at checkout to enjoy a generous 15% discount on your purchase.

Seize this opportunity, as this offer is available for a limited time!

Best regards,
Your Marketing Team","Best regards,
Your Marketing Team",Dress,Clothing
743,Exclusive Offer for Accessories Collection,"Dear Customer 743,","Dear Customer 743,

We hope this message finds you well!

We are excited to share a special offer exclusively for you.

Discover our latest Accessories collection for the Fall season and indulge in our exquisite Gloves!

Use code SPECIAL743 at checkout to enjoy a generous 15% discount on your purchase.

Seize this opportunity, as this offer is available for a limited time!

Best regards,
Your Marketing Team","Best regards,
Your Marketing Team",Gloves,Accessories
744,Exclusive Offer for Footwear Collection,"Dear Customer 744,","Dear Customer 744,

We hope this message finds you well!

We are excited to share a special offer exclusively for you.

Discover our latest Footwear collection for the Fall season and indulge in our exquisite Shoes!

Use code SPECIAL744 at checkout to enjoy a generous 15% discount on your purchase.

Seize this opportunity, as this offer is available for a limited time!

Best regards,
Your Marketing Team","Best regards,
Your Marketing Team",Shoes,Footwear
747,Exclusive Offer for Clothing Collection,"Dear Customer 747,","Dear Customer 747,

We hope this message finds you well!

We are excited to share a special offer exclusively for you.

Discover our latest Clothing collection for the Fall season and indulge in our exquisite T-shirt!

Use code SPECIAL747 at checkout to enjoy a generous 15% discount on your purchase.

Seize this opportunity, as this offer is available for a limited time!

Best regards,
Your Marketing Team","Best regards,
Your Marketing Team",T-shirt,Clothing
761,Exclusive Offer for Accessories Collection,"Dear Customer 761,","Dear Customer 761,

We hope this message finds you well!

We are excited to share a special offer exclusively for you.

Discover our latest Accessories collection for the Fall season and indulge in our exquisite Backpack!

Use code SPECIAL761 at checkout to enjoy a generous 15% discount on your purchase.

Seize this opportunity, as this offer is available for a limited time!

Best regards,
Your Marketing Team","Best regards,
Your Marketing Team",Backpack,Accessories
782,Exclusive Offer for Clothing Collection,"Dear Customer 782,","Dear Customer 782,

We hope this message finds you well!

We are excited to share a special offer exclusively for you.

Discover our latest Clothing collection for the Fall season and indulge in our exquisite Shorts!

Use code SPECIAL782 at checkout to enjoy a generous 15% discount on your purchase.

Seize this opportunity, as this offer is available for a limited time!

Best regards,
Your Marketing Team","Best regards,
Your Marketing Team",Shorts,Clothing
787,Exclusive Offer for Accessories Collection,"Dear Customer 787,","Dear Customer 787,

We hope this message finds you well!

We are excited to share a special offer exclusively for you.

Discover our latest Accessories collection for the Fall season and indulge in our exquisite Jewelry!

Use code SPECIAL787 at checkout to enjoy a generous 15% discount on your purchase.

Seize this opportunity, as this offer is available for a limited time!

Best regards,
Your Marketing Team","Best regards,
Your Marketing Team",Jewelry,Accessories
797,Exclusive Offer for Outerwear Collection,"Dear Customer 797,","Dear Customer 797,

We hope this message finds you well!

We are excited to share a special offer exclusively for you.

Discover our latest Outerwear collection for the Fall season and indulge in our exquisite Coat!

Use code SPECIAL797 at checkout to enjoy a generous 15% discount on your purchase.

Seize this opportunity, as this offer is available for a limited time!

Best regards,
Your Marketing Team","Best regards,
Your Marketing Team",Coat,Outerwear
809,Exclusive Offer for Footwear Collection,"Dear Customer 809,","Dear Customer 809,

We hope this message finds you well!

We are excited to share a special offer exclusively for you.

Discover our latest Footwear collection for the Fall season and indulge in our exquisite Boots!

Use code SPECIAL809 at checkout to enjoy a generous 15% discount on your purchase.

Seize this opportunity, as this offer is available for a limited time!

Best regards,
Your Marketing Team","Best regards,
Your Marketing Team",Boots,Footwear
810,Exclusive Offer for Accessories Collection,"Dear Customer 810,","Dear Customer 810,

We hope this message finds you well!

We are excited to share a special offer exclusively for you.

Discover our latest Accessories collection for the Fall season and indulge in our exquisite Scarf!

Use code SPECIAL810 at checkout to enjoy a generous 15% discount on your purchase.

Seize this opportunity, as this offer is available for a limited time!

Best regards,
Your Marketing Team","Best regards,
Your Marketing Team",Scarf,Accessories
826,Exclusive Offer for Clothing Collection,"Dear Customer 826,","Dear Customer 826,

We hope this message finds you well!

We are excited to share a special offer exclusively for you.

Discover our latest Clothing collection for the Fall season and indulge in our exquisite Shirt!

Use code SPECIAL826 at checkout to enjoy a generous 15% discount on your purchase.

Seize this opportunity, as this offer is available for a limited time!

Best regards,
Your Marketing Team","Best regards,
Your Marketing Team",Shirt,Clothing
828,Exclusive Offer for Clothing Collection,"Dear Customer 828,","Dear Customer 828,

We hope this message finds you well!

We are excited to share a special offer exclusively for you.

Discover our latest Clothing collection for the Fall season and indulge in our exquisite Dress!

Use code SPECIAL828 at checkout to enjoy a generous 15% discount on your purchase.

Seize this opportunity, as this offer is available for a limited time!

Best regards,
Your Marketing Team","Best regards,
Your Marketing Team",Dress,Clothing
836,Exclusive Offer for Accessories Collection,"Dear Customer 836,","Dear Customer 836,

We hope this message finds you well!

We are excited to share a special offer exclusively for you.

Discover our latest Accessories collection for the Fall season and indulge in our exquisite Gloves!

Use code SPECIAL836 at checkout to enjoy a generous 15% discount on your purchase.

Seize this opportunity, as this offer is available for a limited time!

Best regards,
Your Marketing Team","Best regards,
Your Marketing Team",Gloves,Accessories
842,Exclusive Offer for Clothing Collection,"Dear Customer 842,","Dear Customer 842,

We hope this message finds you well!

We are excited to share a special offer exclusively for you.

Discover our latest Clothing collection for the Fall season and indulge in our exquisite Skirt!

Use code SPECIAL842 at checkout to enjoy a generous 15% discount on your purchase.

Seize this opportunity, as this offer is available for a limited time!

Best regards,
Your Marketing Team","Best regards,
Your Marketing Team",Skirt,Clothing
848,Exclusive Offer for Footwear Collection,"Dear Customer 848,","Dear Customer 848,

We hope this message finds you well!

We are excited to share a special offer exclusively for you.

Discover our latest Footwear collection for the Fall season and indulge in our exquisite Shoes!

Use code SPECIAL848 at checkout to enjoy a generous 15% discount on your purchase.

Seize this opportunity, as this offer is available for a limited time!

Best regards,
Your Marketing Team","Best regards,
Your Marketing Team",Shoes,Footwear
876,Exclusive Offer for Accessories Collection,"Dear Customer 876,","Dear Customer 876,

We hope this message finds you well!

We are excited to share a special offer exclusively for you.

Discover our latest Accessories collection for the Fall season and indulge in our exquisite Handbag!

Use code SPECIAL876 at checkout to enjoy a generous 15% discount on your purchase.

Seize this opportunity, as this offer is available for a limited time!

Best regards,
Your Marketing Team","Best regards,
Your Marketing Team",Handbag,Accessories
878,Exclusive Offer for Accessories Collection,"Dear Customer 878,","Dear Customer 878,

We hope this message finds you well!

We are excited to share a special offer exclusively for you.

Discover our latest Accessories collection for the Fall season and indulge in our exquisite Belt!

Use code SPECIAL878 at checkout to enjoy a generous 15% discount on your purchase.

Seize this opportunity, as this offer is available for a limited time!

Best regards,
Your Marketing Team","Best regards,
Your Marketing Team",Belt,Accessories
884,Exclusive Offer for Clothing Collection,"Dear Customer 884,","Dear Customer 884,

We hope this message finds you well!

We are excited to share a special offer exclusively for you.

Discover our latest Clothing collection for the Fall season and indulge in our exquisite Shorts!

Use code SPECIAL884 at checkout to enjoy a generous 15% discount on your purchase.

Seize this opportunity, as this offer is available for a limited time!

Best regards,
Your Marketing Team","Best regards,
Your Marketing Team",Shorts,Clothing
906,Exclusive Offer for Clothing Collection,"Dear Customer 906,","Dear Customer 906,

We hope this message finds you well!

We are excited to share a special offer exclusively for you.

Discover our latest Clothing collection for the Fall season and indulge in our exquisite Jeans!

Use code SPECIAL906 at checkout to enjoy a generous 15% discount on your purchase.

Seize this opportunity, as this offer is available for a limited time!

Best regards,
Your Marketing Team","Best regards,
Your Marketing Team",Jeans,Clothing
920,Exclusive Offer for Accessories Collection,"Dear Customer 920,","Dear Customer 920,

We hope this message finds you well!

We are excited to share a special offer exclusively for you.

Discover our latest Accessories collection for the Fall season and indulge in our exquisite Handbag!

Use code SPECIAL920 at checkout to enjoy a generous 15% discount on your purchase.

Seize this opportunity, as this offer is available for a limited time!

Best regards,
Your Marketing Team","Best regards,
Your Marketing Team",Handbag,Accessories
926,Exclusive Offer for Clothing Collection,"Dear Customer 926,","Dear Customer 926,

We hope this message finds you well!

We are excited to share a special offer exclusively for you.

Discover our latest Clothing collection for the Fall season and indulge in our exquisite Shirt!

Use code SPECIAL926 at checkout to enjoy a generous 15% discount on your purchase.

Seize this opportunity, as this offer is available for a limited time!

Best regards,
Your Marketing Team","Best regards,
Your Marketing Team",Shirt,Clothing
927,Exclusive Offer for Footwear Collection,"Dear Customer 927,","Dear Customer 927,

We hope this message finds you well!

We are excited to share a special offer exclusively for you.

Discover our latest Footwear collection for the Fall season and indulge in our exquisite Boots!

Use code SPECIAL927 at checkout to enjoy a generous 15% discount on your purchase.

Seize this opportunity, as this offer is available for a limited time!

Best regards,
Your Marketing Team","Best regards,
Your Marketing Team",Boots,Footwear
930,Exclusive Offer for Clothing Collection,"Dear Customer 930,","Dear Customer 930,

We hope this message finds you well!

We are excited to share a special offer exclusively for you.

Discover our latest Clothing collection for the Fall season and indulge in our exquisite Socks!

Use code SPECIAL930 at checkout to enjoy a generous 15% discount on your purchase.

Seize this opportunity, as this offer is available for a limited time!

Best regards,
Your Marketing Team","Best regards,
Your Marketing Team",Socks,Clothing
944,Exclusive Offer for Accessories Collection,"Dear Customer 944,","Dear Customer 944,

We hope this message finds you well!

We are excited to share a special offer exclusively for you.

Discover our latest Accessories collection for the Fall season and indulge in our exquisite Jewelry!

Use code SPECIAL944 at checkout to enjoy a generous 15% discount on your purchase.

Seize this opportunity, as this offer is available for a limited time!

Best regards,
Your Marketing Team","Best regards,
Your Marketing Team",Jewelry,Accessories
958,Exclusive Offer for Footwear Collection,"Dear Customer 958,","Dear Customer 958,

We hope this message finds you well!

We are excited to share a special offer exclusively for you.

Discover our latest Footwear collection for the Fall season and indulge in our exquisite Boots!

Use code SPECIAL958 at checkout to enjoy a generous 15% discount on your purchase.

Seize this opportunity, as this offer is available for a limited time!

Best regards,
Your Marketing Team","Best regards,
Your Marketing Team",Boots,Footwear
971,Exclusive Offer for Accessories Collection,"Dear Customer 971,","Dear Customer 971,

We hope this message finds you well!

We are excited to share a special offer exclusively for you.

Discover our latest Accessories collection for the Fall season and indulge in our exquisite Belt!

Use code SPECIAL971 at checkout to enjoy a generous 15% discount on your purchase.

Seize this opportunity, as this offer is available for a limited time!

Best regards,
Your Marketing Team","Best regards,
Your Marketing Team",Belt,Accessories
990,Exclusive Offer for Accessories Collection,"Dear Customer 990,","Dear Customer 990,

We hope this message finds you well!

We are excited to share a special offer exclusively for you.

Discover our latest Accessories collection for the Fall season and indulge in our exquisite Handbag!

Use code SPECIAL990 at checkout to enjoy a generous 15% discount on your purchase.

Seize this opportunity, as this offer is available for a limited time!

Best regards,
Your Marketing Team","Best regards,
Your Marketing Team",Handbag,Accessories
992,Exclusive Offer for Outerwear Collection,"Dear Customer 992,","Dear Customer 992,

We hope this message finds you well!

We are excited to share a special offer exclusively for you.

Discover our latest Outerwear collection for the Fall season and indulge in our exquisite Coat!

Use code SPECIAL992 at checkout to enjoy a generous 15% discount on your purchase.

Seize this opportunity, as this offer is available for a limited time!

Best regards,
Your Marketing Team","Best regards,
Your Marketing Team",Coat,Outerwear
993,Exclusive Offer for Footwear Collection,"Dear Customer 993,","Dear Customer 993,

We hope this message finds you well!

We are excited to share a special offer exclusively for you.

Discover our latest Footwear collection for the Fall season and indulge in our exquisite Boots!

Use code SPECIAL993 at checkout to enjoy a generous 15% discount on your purchase.

Seize this opportunity, as this offer is available for a limited time!

Best regards,
Your Marketing Team","Best regards,
Your Marketing Team",Boots,Footwear
998,Exclusive Offer for Footwear Collection,"Dear Customer 998,","Dear Customer 998,

We hope this message finds you well!

We are excited to share a special offer exclusively for you.

Discover our latest Footwear collection for the Fall season and indulge in our exquisite Shoes!

Use code SPECIAL998 at checkout to enjoy a generous 15% discount on your purchase.

Seize this opportunity, as this offer is available for a limited time!

Best regards,
Your Marketing Team","Best regards,
Your Marketing Team",Shoes,Footwear
1003,Exclusive Offer for Accessories Collection,"Dear Customer 1003,","Dear Customer 1003,

We hope this message finds you well!

We are excited to share a special offer exclusively for you.

Discover our latest Accessories collection for the Fall season and indulge in our exquisite Handbag!

Use code SPECIAL1003 at checkout to enjoy a generous 15% discount on your purchase.

Seize this opportunity, as this offer is available for a limited time!

Best regards,
Your Marketing Team","Best regards,
Your Marketing Team",Handbag,Accessories
1005,Exclusive Offer for Accessories Collection,"Dear Customer 1005,","Dear Customer 1005,

We hope this message finds you well!

We are excited to share a special offer exclusively for you.

Discover our latest Accessories collection for the Fall season and indulge in our exquisite Jewelry!

Use code SPECIAL1005 at checkout to enjoy a generous 15% discount on your purchase.

Seize this opportunity, as this offer is available for a limited time!

Best regards,
Your Marketing Team","Best regards,
Your Marketing Team",Jewelry,Accessories
1013,Exclusive Offer for Accessories Collection,"Dear Customer 1013,","Dear Customer 1013,

We hope this message finds you well!

We are excited to share a special offer exclusively for you.

Discover our latest Accessories collection for the Fall season and indulge in our exquisite Backpack!

Use code SPECIAL1013 at checkout to enjoy a generous 15% discount on your purchase.

Seize this opportunity, as this offer is available for a limited time!

Best regards,
Your Marketing Team","Best regards,
Your Marketing Team",Backpack,Accessories
1018,Exclusive Offer for Clothing Collection,"Dear Customer 1018,","Dear Customer 1018,

We hope this message finds you well!

We are excited to share a special offer exclusively for you.

Discover our latest Clothing collection for the Fall season and indulge in our exquisite Shirt!

Use code SPECIAL1018 at checkout to enjoy a generous 15% discount on your purchase.

Seize this opportunity, as this offer is available for a limited time!

Best regards,
Your Marketing Team","Best regards,
Your Marketing Team",Shirt,Clothing
1021,Exclusive Offer for Outerwear Collection,"Dear Customer 1021,","Dear Customer 1021,

We hope this message finds you well!

We are excited to share a special offer exclusively for you.

Discover our latest Outerwear collection for the Fall season and indulge in our exquisite Jacket!

Use code SPECIAL1021 at checkout to enjoy a generous 15% discount on your purchase.

Seize this opportunity, as this offer is available for a limited time!

Best regards,
Your Marketing Team","Best regards,
Your Marketing Team",Jacket,Outerwear
1042,Exclusive Offer for Accessories Collection,"Dear Customer 1042,","Dear Customer 1042,

We hope this message finds you well!

We are excited to share a special offer exclusively for you.

Discover our latest Accessories collection for the Fall season and indulge in our exquisite Backpack!

Use code SPECIAL1042 at checkout to enjoy a generous 15% discount on your purchase.

Seize this opportunity, as this offer is available for a limited time!

Best regards,
Your Marketing Team","Best regards,
Your Marketing Team",Backpack,Accessories
